1,The Ultimate Drawing Course - Beginner to Advanced,the -ultimate-drawing-course -beginner-to-advanced,Learn the #1 most important building block of all art,The Ultimate Drawing Course - Beginner to Advanced,The Ultimate Drawing Course - Beginner to Advanced,The Ultimate Drawing Course - Beginner to Advanced,The Ultimate Drawing Course - Beginner to Advanced,199.99,0,0,0,0,100,active,0,2020-08-10 15:44:21.375 +00:00,2020-08-10 15:44:21.375 +00:00
2,Mockup Creation Course for Adobe Photoshop or Affinity Photo,mockup-creation-course-for-adobe-photoshop-or-affinity-photo,"Master mockup creation: T-shirts, branding presentations, books, product boxes, bottles, posters and more",Mockup Creation Course for Adobe Photoshop or Affinity Photo,Mockup Creation Course for Adobe Photoshop or Affinity Photo,Mockup Creation Course for Adobe Photoshop or Affinity Photo,Mockup Creation Course for Adobe Photoshop or Affinity Photo,199.99,0,0,0,0,100,active,0,2020-08-10 15:44:21.376 +00:00,2020-08-10 15:44:21.376 +00:00
3,The Web Developer Bootcamp,the-web-developer-bootcamp,"The only course you need to learn web development - HTML, CSS, JS, Node, and More!",The Web Developer Bootcamp,The Web Developer Bootcamp,The Web Developer Bootcamp,The Web Developer Bootcamp,199.99,0,0,0,0,100,active,0,2020-08-10 15:44:21.377 +00:00,2020-08-10 15:44:21.377 +00:00
4,The Advanced Web Developer Bootcamp,the-advanced-web-developer-bootcamp,"Learn React 16, Redux, D3, ES2015, Testing, CSS Flexbox, Animations, SVG, AJAX, and more!",The Advanced Web Developer Bootcamp,The Advanced Web Developer Bootcamp,The Advanced Web Developer Bootcamp,The Advanced Web Developer Bootcamp,199.99,0,0,0,0,100,active,0,2020-08-10 15:44:21.377 +00:00,2020-08-10 15:44:21.377 +00:00
5,Marketing Fundamentals,marketing-fundamentals,Learn the core elements of marketing with real examples and cases,Marketing Fundamentals,Marketing Fundamentals,Marketing Fundamentals,Marketing Fundamentals,199.99,0,0,0,0,100,active,0,2020-08-10 15:44:21.377 +00:00,2020-08-10 15:44:21.377 +00:00
6,AWS Certified Developer - Associate 2020,aws-certified-developer -associate-2020,Do you want AWS certification? Do you want to be an AWS Certified Developer Associate? This AWS online course is for you,AWS Certified Developer - Associate 2020,AWS Certified Developer - Associate 2020,AWS Certified Developer - Associate 2020,AWS Certified Developer - Associate 2020,199.99,0,0,0,0,100,active,0,2020-08-10 15:44:21.378 +00:00,2020-08-10 15:44:21.378 +00:00
7,Investing In Stocks The Complete Course,investing-in-stocks-the-complete-course,"Master Investing in the Stock Market with Stocks, Mutual Funds, ETF, from a Top Instructor & Millionaire Stock Portfolio",Investing In Stocks The Complete Course,Investing In Stocks The Complete Course,Investing In Stocks The Complete Course,Investing In Stocks The Complete Course,199.99,0,0,0,0,100,active,0,2020-08-10 15:44:21.378 +00:00,2020-08-10 15:44:21.378 +00:00
8,Career Coaching: Life Coach Certification,career-coaching-life-coach-certification,"Life coach your clients to a successful job search, resume, interviewing skills, LinkedIn networking & career they love",Career Coaching: Life Coach Certification,Career Coaching: Life Coach Certification,Career Coaching: Life Coach Certification,Career Coaching: Life Coach Certification,199.99,0,0,0,0,100,active,0,2020-08-10 15:44:21.378 +00:00,2020-08-10 15:44:21.378 +00:00
9,Negotiation Applied: Practical at Work Negotiating,negotiation-applied-practical-at-work-negotiating,"Negotiate effectively at work - practical salary negotiation, buying, selling, procurement, pay rise, etc",Negotiation Applied: Practical at Work Negotiating,Negotiation Applied: Practical at Work Negotiating,Negotiation Applied: Practical at Work Negotiating,Negotiation Applied: Practical at Work Negotiating,199.99,0,0,0,0,100,active,0,2020-08-10 15:44:21.377 +00:00,2020-08-10 15:44:21.377 +00:00
10,Customer Service Success: Take Your Skills to the Next Level,customer-service-success-take-your-skills-to-the-next-level,Excel at customer relationship management | Improve your soft skills | Create positive experiences to wow your customers,Customer Service Success: Take Your Skills to the Next Level,Customer Service Success: Take Your Skills to the Next Level,Customer Service Success: Take Your Skills to the Next Level,Customer Service Success: Take Your Skills to the Next Level,199.99,0,0,0,0,100,active,0,2020-08-10 15:44:21.377 +00:00,2020-08-10 15:44:21.377 +00:00
